agency_name_web_scraped_list,placeId
Zuni PHS Hospital,ChIJ9Rw4w_2qJYcRU1YxdY-xYls
Zion Eye Institute,ChIJv3ljCRlbyoARHOgSTfGJzxc
YWCA Yakima,ChIJSztONeTXmVQRcMitDZVBGhU
YWCA Spokane,ChIJVZz6hFgYnlQR0AY_EIlsiww
YWCA Seattle,ChIJi8hGqbZqkFQRq07YyZvN-4Y
YWCA San Diego County,ChIJSfcqt6BU2YARDMXyOBGSIjg
YWCA Salt Lake City,ChIJ3cII0BL1UocRdf_xmjYkB9E
YWCA of Utah,ChIJ3cII0BL1UocRdf_xmjYkB9E
YWCA Missoula,ChIJaRsybHzOXVMR4KRkknLJggk
YWCA Mercy Home,ChIJE0H2LvI3QlMRS4VyT2B-8Hc
YWCA Clark County Safe Choice Program,ChIJGXCJ6y-vlVQRhoZNYbwAUT0
YVFW Family Medical Center,ChIJT6NGP2QYmFQRElt3fyVrZpg
Yurok Tribe,ChIJ1R9ZbxWo0VQRAYh9feGkvLw
Yuma Regional Medical Center,ChIJ53Z8fB321oAR3J7ZzadiWaI
Yuma Dialysis,ChIJJePHCCH21oARKROUmCgAv6w
Yukow Kuskokwiw,ChIJB_aBUSdVIFcRiau_XsC4Rcw
Yukon Kuskokwim Ayagnirvik Health Center,ChIJDX88s9lUIFcRUoGQaE0lME8
Yukon Kuskokain Health Cooperation,ChIJ4a7klpSXyFYRdGYx0glu7dE
Youth Dynamics,ChIJd9DcdvYasYkRtIV_rGp_jD8
Youth and Family Programs,ChIJXccmG2zB0lQR4WVTYkiahq0
"Young Lives, Kenai Peninsula",ChIJReLvG3-XyFYROxIvq_JdQjg
Young Life Research Center,ChIJeW2erg8Lpa8RFGztkbCZ3qE
"Young Khan Kim, M.D.",ChIJa0RO0XXzwokRHX6u0jvEHJc
Yolanda House of the YWCA,ChIJOaPZ-xoKlVQRW11iFQ_Bm0c
YMCA,ChIJl82o5HS0FIgRyFdAwPrEDfo
Yellowstone Urology,ChIJn9esTF97SFMRP_yITVYsog4
Yellowstone City County Health Dept.,ChIJLbz-JFV7SFMRAHH9DguOt3k
Yellowstone Boys & Girls Ranch,ChIJpZo8WpyISFMRckTkl7JpNjc
Yellowhawk Tribal Health Center,ChIJYz-o8cTiolQRDPhMZ7Va9Is
YDI,ChIJOXHg8vkNK4cRXiQjSCXrIok
YCC Family Crisis Clinic,ChIJHUhxrtsOU4cRHzKCQySwIaQ
Yankton Medical Clinic,ChIJ5QJPD5ahj4cRbCrtskyNLyM
Yampa Valley Medical Center,ChIJwz3BLjVpQocRxu702oIU1YE
Yampa Valley Medical Association,ChIJwz3BLjVpQocR0tx9BNrs1hU
Yakutat Community Health Center,ChIJwX0gawCnrlYRQ3DF5_kAUlc
Yakima Valley Memorial Hospital,ChIJ8yjBSEV9l1QRIOUvG7F9_gQ
Yakima Urology Associates,ChIJ_____1t9l1QRnfMYTc2iwWU
Yakima Pediatrics Associates,ChIJW0015ODXmVQRdgG9pVmE_9A
Yakima Neighborhood Health,ChIJg9LjppbXmVQRR4OM0cvxYY8
Yakima Indian Health Service,ChIJ3xkafgKHl1QRNmI6bDmL7tE
"Y.N. Rao, MD",ChIJdxbqBtHJwokRtH9sE8rHydY
Wyoming Wound Care Center,ChIJydAIZpm8YIcRzRoMhga60ck
Wyoming Services for Independent Living,ChIJF2KXGtUYTFMRPaU4dQ1hSU4
Wyoming Rescue Mission,ChIJMT3Wlpm8YIcRPXty3_Ae71g
Wyoming Medical Center,ChIJDbUYGoO8YIcRaVA2HKBDYcM
Wray Clinic,ChIJvR2JKqOEc4cRd5UgaOMutzk
Wounded Warrior Project,ChIJ42yXQj1TUkYReku7BxYjuzw
Wound Ost. Nurse Consultant,ChIJg2_RfMjcQIYRY8yhHXSjcMk
"World Vision International, DC",ChIJx01IdK9ZwokRO3DR3zxxKu0
Work Well Foundation,ChIJQwXkq7JFkIARNwGkfXHrgDA
Woodlands Cancer Institute,ChIJV1k5PH43R4YRCXSGrl9WVRo
Woodland Park Care Center,ChIJCaExILieOIYRh5BPXzSxhkY
Woodinville Pediatrics,ChIJyVyS6S4MkFQRkRa63nzTXTA
Wood River Family Medicine,ChIJwYUo0U_Uq1QRGIh_ocQPL1M
Womens Clinic of NE Wyoming,ChIJ8dpeTOY6b4cROHlS-4mp7aY
Women's Specialty Group,ChIJ4bKRZxIvlYARhjiqCELlcQQ
Women's Specialty Clinic,ChIJP8mEe4KZToYRwKQmBDZ2vJM
Women's Resourse Center,ChIJsT6h6NKtGYgRoHH3r0OesLE
Women's Resource Agency,ChIJV8YVEdpFE4cRsMSBSAuuiEw
Women's Health Center,ChIJXUSqfqx7xVQRzEK5_umw4BM
Women's Clinic of Northern CO.,ChIJo4FUVOBKaYcRmL_eCd5ZFfA
Women's Center High Desert,ChIJ5VA8J8dswYAR0pzj1DkwLbc
Women's Care of Alaska,ChIJ_WyztkWWyFYR-QaoZKnC_2E
Women's Cancer Center,ChIJ1SnR14zEyIARtLfhhh6kRNo
Women's Cabinet,ChIJZweiXwCNtocRnan5VvHbfFs
Women In Safe Homes,ChIJIe20Y68lDFQRSrbMsQhXTKg
Women Helping Women,ChIJN8qptFmxQYgRrOY4iJ_4Fps
Women and Children's Horizons,ChIJu9LRKjdeBYgRTn8KTB5T_AE
Womanhealth,ChIJA_6d1JfQsokRUdKHs9UXoxA
"WOMAN, Inc.",ChIJX4vBlyF-j4ARX9IqPvwj1XQ
Wolfson and Kelin LLP,ChIJJXUF-BiDwokRdVmq6AumXUY
"Wladislaw Ellis, MD",ChIJDa4O1Kd-hYAR8rFvrhXpc68
"With Love, From Strangers",ChIJobIXV4zcUo4RjLObDfu9d9E
Wishing Star Foundation - Spokane Chapter,ChIJxUKvPY8YnlQRtGsgK9zvuM0
Wishing Star Foundation - Boise Chapter,ChIJrT7dH-T4rlQRtJy-6TmA1fk
WISH Center,ChIJQ4-j2UY034cR1sxTyar5uAo
Winding Waters Clinic,ChIJIUMTBob5o1QRD7Cv1mrQ-a8
Wilson Medical Clinic - Peace Health,ChIJz_zp5p-llVQR_e1tOaBkZ9E
Willow Grove Home,ChIJK-RC32SxxokRN4JqsOp2gOY
Willow Creek Community Health Center,ChIJEY9asrd_TYcRyfxAcCB1GdI
William Sokol MD,ChIJB7yVUe_f3IAROYU6wdznGSg
"William R. Marshall, MD",ChIJC40lH1QoWIgR8urisz9fGeg
William McCreight,ChIJKUcrWumtlVQRHAEIy2Eb6bY
"William M. Palmer, M.D.",ChIJuZepDgjgAFQRUTSu-H5tvl4
William Longfellow MD,ChIJ-fC1H4392oARzg1Uh8w5fzU
William Hitt Center,
"William H. Anthes, MD",ChIJNYUNHduXyFYRzMa2GILhr9s
William Downey,ChIJZSHmCZGfVogRaP-zV7LcjzU
William Bee Ririe Hospital Clinic,ChIJbfCizIessYARvI2rVBCcIGY
William B. Ririe Hospital,ChIJbfCizIessYARvI2rVBCcIGY
Willamette Valley Cancer Center,ChIJ_V-gtQcewVQR1LkCCw2vP2M
Willamette Gynecologic Oncology,ChIJaSKktQcewVQRWMdy3K-TVWY
Wilcox Hospital,ChIJt2MS8mEeB3wRbuyjWus6vhs
Whole Health Family Medicine Clinic,ChIJUeZPaMUCPIcR0cHiPHZLIuE
White Raven Center Inc.,ChIJ1ReOiLiZyFYRhNh1CHGKL5E
White Mountain Safe House,ChIJ6ReenMg1L4cRvC_kTHUAADE
White Mountain Pediatrics,ChIJ0R1mMw3LKIcRlrxfqOH5f48
White Heart Foundation,ChIJC4-jpkIn6IARQs6eiTgXFu8
Wet Mountain Valley Community Clinic,ChIJf7wibdBcFIcRtaHuaTHxEnQ
Westside Pediatrics,ChIJJT4ZEbzYQIYRUe3VLZrJiAY
Westside Center for Independant Living,ChIJAQAAAN-6woAROrJcEg1w03M
Westfield Eye Center,ChIJyzMXkrIf54kRTU_3uQMasjM
Western Washington Medical Group,ChIJSdIwqoAAkFQRd9FkgiC1lis
Western Vascular Institute,ChIJP-c0Z-qvK4cRMjMlMEnNIk8
Western Tumor Medical Group,ChIJv6LRfQa0woAROLQT5dxeFE0
Western Regional Medical Center,ChIJjcCca5ZBzoARea2uXfuNK1E
Western Orthopaedics,ChIJVf43BjR5bIcRLGRrBNmXAIk
Western Neurosurgery,ChIJUczVaxpu1oYRx_P30kJ_ewo
Western MT Clinic,ChIJvylWi4DOXVMRj0jhb3Jlc1s
Western Montana Mental Health Center,ChIJtbDXd3fOXVMR80MFLHtUhC0
Western Montana Clinic,ChIJvylWi4DOXVMRj0jhb3Jlc1s
Western Medical Center,ChIJqxlxPcriw4cRzuPTQTlKXYc
Western Medical,ChIJqxlxPcriw4cRzuPTQTlKXYc
Western Dental & Orthodontics,ChIJb0QQ43q4woARCKxH3C2WaSU
Western Colorado Pediatric Associates,ChIJk_w8ubYdR4cR8s7SGjPEr3A
Western Cardiology,ChIJDf8Ub_92bIcRi0XnvXKI2CY
West Women's and Children's Shelter,ChIJAQAAxP8JlVQRMX4A_11RkKw
West View Family Medicine,ChIJtRpWMr1rK4cRjDajqM7txTE
West Valley family Health,ChIJi0i5nTJjl1QRR2TEKJ0CNB4
West Valley Family Church of the Navaren,ChIJg8AINzpAK4cRDyIJDMwzOw4
West Texas VA Health Care System,ChIJeZtV91Ai-YYRxwlbC43iOzg
West Texas Cancer Center,ChIJeetsImHJ-4YRx5X93Bf5SV8
West Salem Family Practice Associates,ChIJMXmaW6L_v1QRWXeQi2aCh7c
West LA VA Medical Center,ChIJlXZ7aGO7woARyDPcf0c0GM4
West Kauai Clinic,ChIJ0wX-jgiqB3wRSB4SucGIyjQ
West Idaho Orthopedics,ChIJE2KnB0G0r1QRlGOMthMFokg
West Hills Medical,ChIJmcgprrOdwoARy9-7nHbZBtY
West Hawaii Medical Group,ChIJW1Wt7EgPVHkRjCSfy-sKtDw
West Hawaii Community Health Center,ChIJkWvPcPwOVHkRbYWLj8-sSyg
West Grand Family Medicine,ChIJf9zGi3mHa4cRC0dtcuL7Zes
West Clinic,ChIJ9Wc6PVqDf4gRolVi3TapgHk
Wenatchee Valley Medical Center,ChIJPWD959HMm1QRCYAkMZ-eDMk
Wellspring Women's Center,ChIJd8TAP17QmoARqv_Q-e77ZyE
Wellspring Intergrative Medical Center,ChIJDSIvjZJzhlQRf6tstn2np_I
Wellness Tree,ChIJ_9_Y7WurK4cRDViBlfuXksY
Wellness Center Central,ChIJRSCrcLDZ3IAR-BPMQ5OBrPc
Well Bound of Santa Rosa,ChIJj_5pcYY3hIARzDTOPkkv95s
Well Aging Med,ChIJ-3E8sNwhm4ARViVdEDjoAkA
Welch Medical Clinic,ChIJ911821vgt4cR0rDlEL2WNyY
Welch Cancer Center,ChIJA4xw9PD6NVMRIeLOZDiNjd8
Weiser Family Medical Center,ChIJtSAKvSR5pVQRrMrasby6mQE
Weill Cornell Medical Center,ChIJWwL0jcNYwokRVCXGXtBSsgU
WEA Trust (Wisconsin Education Ass.,ChIJr-OEkw_0qFIR1kmG-LjV1fI
WBRM,ChIJZ-M1lvCyUIgRQt15Bu_AtcY
"Wayne E. Yakes, M. D.",ChIJnQdYi6yBbIcRvuuGXslbn38
"Wasilla Internal Medicine, LLC",ChIJrTcXIoTgyFYRxFIakVE0dSs
Washoe Medical Center,ChIJoZyMTKlAmYAR02Vln_EZVqI
Washoe County Social Services,ChIJIwoUfUVHmYAReJzV2SNqsUM
Washington County Developmental Disabili,ChIJW0wgz18PlVQRwanlYsQxkJI
Washakie Medical Center,ChIJg1o-Zl1tS1MRR_YCBpi_1s8
Warren Klausner D. O.,ChIJr8qARzhAjoAR7NSlp2-Jh7I
Warner Mountain Medical,ChIJMUVWOoKRyVQRarpqvsRX3XQ
Wanda Meurs MD,ChIJ_SCSZFlLUnkRo0oOZWBzR9U
Walton Pediatrics on Scripps,ChIJU_qXJVjamoARXG8jmSRxfrc
Walter Reed National Military Medical,ChIJuwa-HFzJt4kRwcSeUDrEDWk
Wallowa Valley Care Center,ChIJF1qi44X5o1QRwMH488Altfs
Wallowa Mt. Medical,ChIJPQZbje4HpFQR06J3cBZLYmE
Wallace Rheumatic Study Center,ChIJcy7Lgq2-woARFWBHssCsWgk
Walla Walla VA,ChIJAWgduAtqolQRHxR1JvU7eao
Walla Walla General Hospital,ChIJhwFR83pqolQRTeRwHwObIfg
Walla Walla Clinic,ChIJdVZpf9BBolQRN5Ca-19tcaM
Wall Street Family Practice,ChIJ__gD8WgvwokRAeuKTaHq8yw
Waimea Medical Associates,ChIJYe7jM8uDU3kR-aXbTiFTw94
Wahkiakum Clinic,ChIJ4RdYAsR4lFQRshSWFX0Z0Qg
Wadena County Social Services,ChIJG233ZOI8tlIR1LE24P_Lsxs
W. Pettit MD,ChIJk-_DU4eyt4kRJWdpwxyK5hU
Vyncacare,ChIJQ1uv3bf_01QRB6pA9lLoKuM
"VVS, M.D. - Integrative Medicine & Oncology",ChIJB6Vq4LDl3IARzuwEZP9bKe0
Volunteers of America Southwest Safe Hou,ChIJV4dEpaVV2YARkxL22NmyrQY
Volunteers of America - Senior Comm. Care PACE,ChIJe-c1-1XlrIkRG412ni34XN8
VNA Hospice (Home Health Systems),ChIJOUsPMfHIJIgRum5MO2iEK3A
"VMMC, Neurology Dept.",ChIJcxhx-rVqkFQRTjF0BaDZUVg
VitreoRetinal Associates,ChIJKfoogjtTGIgR9sLHtymf4HE
VITAS Innovative Hospice Care,ChIJD8HQJ2DWmoARYB3ktJkjvic
Vitae Integrative Medical Center,ChIJmY8e9ESWyFYRKYaQSiDHung
Vistacare Hospice,ChIJE7uWsXVeXIYRCqeoK7-AsTU
VistaCare Center,ChIJq6pGNl2QwoARV6muG722VCs
Vista Oncology - Joseph Ye,ChIJiVvliS4LkVQRAygZFqsn2bQ
Vista Care Hospice,ChIJwVs9-9h33IAR0h3nFQ9r5oY
Visiting Nurse and Hospice Care,ChIJW2BQrIUT6YARwqMMMGwZi6A
Visiting Nurse & Hospice Care of SB,ChIJW2BQrIUT6YARwqMMMGwZi6A
Visions for New Beginnings,ChIJAQCkjuUgnlQRSQLeYiR7ziU
Virginia Mason Medical Center - Plastic and Reconstructive Surgery,ChIJ7Uv2edtrkFQRjTKw1-sXFOE
Virginia Mason Medical Center,ChIJx3kMjY8NkFQR9nFRWgZ3Ypc
"Virginia Mason MC, Neurology Clinic",ChIJcxhx-rVqkFQRTjF0BaDZUVg
Virginia Mason Kirkland Medical Center,ChIJx3kMjY8NkFQRq7GZQx0MnLs
Virginia Mason Hospital Buck Pavilion,ChIJx3kMjY8NkFQR9nFRWgZ3Ypc
Virginia Mason,ChIJx3kMjY8NkFQR9nFRWgZ3Ypc
Virginia G. Piper Cancer Center,ChIJRWtV1T51K4cRfQV4Gtke814
"Vincent Tso DMD, FACP",ChIJL02ELYnEwoARHP8rKS-wuzc
Victims for Justice,ChIJdW6XA9qXyFYRhcbDFrP3e6M
Victim Witness Services,ChIJVZl5MUGPLYcR5NgqIeOhV1I
Victim Assistance Unit - Resources Inc.,ChIJQRt71M-Tt4kRm7d9YRNSkgg
Vetrans Administration Hospital,ChIJx46BwE_juocRkhy9V_ku-bc
Veterans In Pain,ChIJ69jnqMIRsYkRMKUtXdht_60
Veterans Health Administration North Idaho,ChIJhQV-EMDGYVMRs9AByYq7dNM
Veterans Affairs Medical Center,ChIJl5A_aIYq2YgRBC1WjaKv1P0
Veterans Administration,ChIJPfXLi_jQyIARgyVZCEO6KMg
Veteran's Medical Center - Spokane,ChIJ9yLXsYUZnlQR_V_Z4XiazjA
"Veteran's Affairs - Fallon, NV",ChIJASr_TdqGmIARNmvECLpkwNM
Veteran's Administration - Anchorage,ChIJY-m_Ji-UyFYRx65UJQnZD5E
Veteran's Administration,ChIJPfXLi_jQyIARgyVZCEO6KMg
Veteran's Admin. Medical Center,ChIJd1xuEgfIt4kRbNCiupRljTM
Veteran Administration - Wenatchee,ChIJhVU49AvLm1QRNAEX-cWijRs
Verity,ChIJx0r7_1IRkFQRVAMhvlXbmDI
Verde Valley Medical Center,ChIJhS8g0O0PLYcRZPAGQEqH9qs
Ventura County Neurosurgical Associates,ChIJX9GKRz-t6YARBZwNXLDmj0g
Veltkamp Neuropsychology,ChIJbxdSb6ajhVQRl2PEn0LnCEE
Vegas Muscle Therapy,ChIJVVXl2zzAyIARgZM-zvDidPM
Vasona Creek Healthcare Center,ChIJWQa5TsM1joARCb7S172m9Uo
Vascular Malformation Center,ChIJyd6eR4GAbIcRtzTvfTjQj4o
Vascular Institute of the Rockies,ChIJJ4FbnzZ5bIcRdh3L_3hQ_Ik
Vanderbilt Pituitary Center,ChIJySe6jZhmZIgRDVfnoFIlFA4
Vandenberg AFB 30th Medical Group,ChIJ88xi_HQ97IARY6Afcl5dg64
Vancouver Housing Authority,ChIJx7GDoDSvlVQRRtTgQ0oYCeI
Vancouver Family Health Centre,ChIJ5c7oeIVzhlQR5rNDxH_B3ZQ
Vancouver Clinic,ChIJVVWFC56llVQRL9rG6Orscs4
van,ChIJhZyY5FLOwoAR2jzEBziuOV0
VAMC,
Valleywise Health,ChIJcVOk3eANK4cRPvnqk3X15Hs
ValleyCare Physicians Associates,ChIJW_7nPZbnj4ARK70v6n_ET_A
Valley Young Peoples Clinic,ChIJ3b5-myvcYVMRNSXIaM5wams
Valley Women's Health,ChIJYzaZh9VEyoAR_4RIdQVDNDQ
Valley Wide Medical,ChIJXeOUzRx7FocR_yWgL7eBXPc
Valley Wide Health Services,ChIJXeOUzRx7FocR_yWgL7eBXPc
Valley View Pediatrics,ChIJ5wOwmbEJQYcRiNyWbbHWnGE
Valley Vascular Associates,ChIJPXsWCfGZwoARM-HKgIOGAx8
Valley Urogynecology Associates,ChIJefi6WPYSK4cRR9ztmwIDmwU
Valley Spinal Care,ChIJY2l4KVdxK4cR-M3w4Gk3MBg
Valley Radiation Therapy Center,ChIJXZ8ZYwzhyFYRwryF29X6PlY
Valley Oasis,ChIJ873Gm--ymlQROf8fIpOdX-o
Valley Native Primary Care,ChIJWSfyPdTAyFYRUGHgTTUoyNw
Valley Medical Clinic,ChIJbyEHOvnJQIYR-ywvSP_B15g
Valley Medical Center CA,ChIJ54JcoTHLj4ARwKWou-_AueA
Valley Medical Center,ChIJMS9badNqkFQRJbf1aLrrEFw
Valley Medical Care,ChIJLaNP4gfgAFQRjcZjL53xNvA
Valley Hospital & Medical Center,ChIJk0t0zOrDyIAReIu_Qajzqco
Valley Healthcare Center,ChIJUXvpDnBTw4ARZRAS3TbLBpY
Valley Health Bishop,ChIJ6zdENYk9voAR1Q8j_sbly5A
Valley Family Practice Association,ChIJWaFNNwwgnlQRkWc3AnwAHtM
Valley Family Healthcare,ChIJpZrIJa6Pr1QRBvc1qTZ4SPM
Valley Family Health Care,ChIJAbZR0ZgZ2jER60dp5Q-CIv4
"Valley Ear, Nose & Throat",ChIJeeBQRAAKZYYRAY9-H1a7mRU
Valley Children's Medical Group Specialty Care Center,ChIJYRdfysRplIARDzq83D3Yr8g
Valley Children's Hospital,ChIJYRdfysRplIARDzq83D3Yr8g
Valley Care Medical Plaza,ChIJ__8_Ppbnj4ARbuFGQfYH1bI
Valley Cancer Institute,ChIJ_V-gtQcewVQR1LkCCw2vP2M
Valley and Anchorage Radiation Therapy Center,ChIJv3kSqkWWyFYRpvHkqF4X0BA
"VA, Kona CBOC",ChIJaVk09RsPVHkRLtA6QNRKoK8
VA West Los Angeles Medical Center,ChIJlXZ7aGO7woARyDPcf0c0GM4
VA Southern Nevada HCS,ChIJuUpi1Jsud0ARozc0pt68vqE
VA Salt Lake City Health Care System,ChIJuUd0yO5fUocRSugu3_LiTew
VA Puget Sound Health Care Center,ChIJEQjS1thBkFQR-Vphs0JrVVA
VA Palo Alto - Orthopedic Surgery,ChIJBcl2apu6j4ARoMchLKG57ts
VA MS Centers of Excellence,ChIJcUzGx_tKtokR5m2DAYBDUEo
VA Montana Healthcare System,ChIJS9NNWk2rXFMRdk8-CbtTt-U
"VA Medical Center, Denver",ChIJAQBArB18bIcRvZyKBegOCB8
VA Medical Center San Francisco,ChIJa_d9WbKHhYARdNmJEtzGc48
VA Medical Center Roseburg,ChIJtwBgbskixFQRIFPor-Z5xbk
VA Medical Center - Boise,ChIJ8frwuh35rlQRxuw9ruK0g5E
VA Medical Center,ChIJAQBArB18bIcRvZyKBegOCB8
VA Loma Linda Healthcare System,ChIJJWss3n-r3IAR5TIuSvs5rxs
VA Hospital Spokane,ChIJU2qNwIUZnlQRGf3SHSVjuhE
VA Hospital Renal Dialysis Unit,ChIJIV-HX9hBkFQRhdcTjAejW38
VA Hospital Los Angeles,ChIJlXZ7aGO7woARyDPcf0c0GM4
VA Hilo Community Outpatient Clinic,ChIJb_nD_aBLUnkRI7gX3OKa4Xs
VA Diamond View Outpatient Clinic,ChIJwQUyqOS9nYARDcOqnXtl698
VA Clinic,ChIJIX_nIsZI34cROTYmBbgKIIw
VA Blind Center - Long Beach,ChIJH6KtBRMx3YARD_u9HKJggSA
VA Black Hills Health Care System,ChIJyT5kiUNbLVMRp1DfIKmd-50
VA Anchorage,ChIJt9v_0CiUyFYRyxHD3jmvmzI
VA American Lake Blind Rehabilitation Center,ChIJx-Mf1bEHkVQRt8IUYrrUzaA
VA,
UW School of Dentistry,ChIJjZ5AeOwUkFQRInBOKR_Lw_o
UW Medicine Vascular and Endovascular Surgery Clinic at Harborview,ChIJ9bMvN7hqkFQRK_mld603Kh8
UW Medicine Prosthetics & Orthotics Clinic at Eastlake,ChIJK0P1-DAVkFQROUCESX1YXY8
UW Medicine Primary Care at Belltown,ChIJ31vhZk4VkFQR2J6-_FCU_UY
UW Medicine Harborview Primary Care at Hobson Place Clinic,ChIJcR-qTu5rkFQRn674bpLBcoo
UW Medical Center - Roosevelt,ChIJjxyNwQkUkFQRklzZ-Bku24c
UW Medical Center - Northwest,ChIJI1Wxyk0RkFQRyQVF43TiAgs
UW Medical Center - Montlake,ChIJEU9wSOwUkFQRxUjYrb-PTJE
UW Medical Center,ChIJEU9wSOwUkFQRxUjYrb-PTJE
UW Institute on Human Development and Disability,ChIJ83nY_lgUkFQRueMkaMeGbwM
UTMB Primary and Specialty Care,ChIJC8lLM_uCQIYRWdGIhf2fEts
Utah Valley Rheumatology,ChIJFV1sCHuQTYcRY6PNR32e3J8
Utah Valley Regional Med Ctr,ChIJ986XXqeQTYcR-BGHLecpL1s
Utah Valley Pediatrics,ChIJiVZazqOQTYcR-z2Vnp7FVS8
Utah State University,ChIJ7Uuo731-VIcRHL1k1uZNQPw
Utah Navajo Partners,ChIJT3f2HIzuOYcRDdclzCx6k78
Utah Navajo Health System,ChIJT3f2HIzuOYcRDdclzCx6k78
Utah Honor Flight,ChIJzfkTj8drTIcRP0bXbKVK370
Utah CAncer Specialists,ChIJO9KDpm-KUocRPlQ5q5I66rE
Utah Cancer Specialist,ChIJO9KDpm-KUocRPlQ5q5I66rE
Utah Blood and Marrow Transplant Program,ChIJHbbG15ZfUocRJqKrucn11aQ
UT Southwestern Simmons Comp. Cancer Center,ChIJ7-Nd8xucToYRaWjXKjtBGbM
UT Southwestern Medical Center,ChIJmeWIsAScToYRCxWy-DTqYy4
UT Health Science Center Cancer Therapy and Research Center,ChIJoSwpL1ZnXIYRUBREqXdO8y8
USU Early Childhood Education and Research Center Building,ChIJqZRYSbV_VIcRpkS6Hujf7s0
Use Dogs,ChIJbeYdY2s9woARQVZqT22uZtQ
USCG Air Station Sitka Medical Clinic,ChIJNfRffLFnBFQR3zDdmPExAm0
USC Urology,ChIJ50Z2yqrFwoARwfqLsb-e6xs
USC Roski Eye Institute,ChIJ38fFInTGwoARysSG4yGP2Rw
USC Pain Center,ChIJza83KtnFwoARdVzQ3Gi3ccA
USC Norris Comprehensive Cancer Center,ChIJUY2_xt7FwoAR4Lao5QbmO0g
USC Medical Center,ChIJl9YownXGwoARQB-wmzyy1gY
USC Keck School of Medicine,ChIJDWFjKN_FwoARmAxjM1c9Jhs
USC Keck Newport,ChIJga8fmGUh3YAR-VewG2lJcos
USC Keck Hospital - Facial Plastic Surgery,ChIJCUYQTkbFwoARIFbzrmsCD9s
USC Huntington Plaza,ChIJ___vDOPHwoARWejaUZ4vQEo
USC Department of Neurology,ChIJTVX6pHXGwoARkAAd0GtwSe4
USC Cardiothoracic Transplant,ChIJlfcXBeLFwoAR0ozuSeTAL7s
USC,ChIJ7aVxnOTHwoARxKIntFtakKo
US HAEA Angioedema Center,ChIJVaRJkdMG3IAR_cfv5RaBNU8
US Dept. of Vetern Affairs,ChIJHZZidcaXyFYRTHchbxfD6GQ
Urology of Nevada,ChIJy-0vdrFBmYAR6b-QpoR0rjg
Urology Associates,ChIJv6RkQWQbsocRjwNrP3QzpFA
Urological Associates,ChIJ6cxMp0k04ocRz_BDsoH9lNw
Urgt Preventive Primary & Complete Care,ChIJeXvPcjIvLYcRVcDwPGKjGYA
Upstream Family Medicine,ChIJLdwQJd5jxlYRPKLz9fHnnXk
UPMC Presbyterian,ChIJj5g2AybyNIgR9HMmI_jnrrs
UNM Pain Clinic,ChIJEQIzMVYLIocRhXG0Y_pFRsU
UNM Internal Medicine,ChIJdYDs0c4MIocRmo0tuqOKzyE
UNM Family Health,ChIJ_ySNt1cLIocRvOlOHpNIOCI
UNM Children's Hosp.-Peds Oncology,ChIJn9e6dOwNIocRtnU4z6pKGbk
UNM Cancer Research & Treatment Center,ChIJt1pXKFYLIocRuL_O2Yi7F_I
University Physicians Healthcare,ChIJQTIsrpl61oYR1cYWzfQu0-g
University Orthopaedics & Spine,ChIJKWjtUqkQ9YgR4N3RrVCKe8E
University of Wisconsin Hospital,ChIJeae7SfKsB4gRqiyq2GJJuGs
"University of Washington Medical Center, Montlake",ChIJEU9wSOwUkFQRxUjYrb-PTJE
University of Washington Medical Center,ChIJEU9wSOwUkFQRxUjYrb-PTJE
University of Washington Maternal Fetal Medicine,ChIJRX_miesUkFQRohG0nTc5F04
University of Washington,ChIJ6zWFnZIUkFQRoyu4AXksdGs
University of Utah Pediatrics Primary Childrens Neurology,ChIJEzKEbMVfUocRbjeSkV1VCo0
University of Utah Pediatric Endocrinology,ChIJj4gl4u9fUocR_DmLEL2jLUE
University of Utah Pain Clinic,ChIJa4UC0sRfUocRkC4omkJu4Fc
University of Utah Orthopedic,ChIJJTU6hcJfUocRbDBUWgXGvCo
University of Utah Organ Transplant,ChIJXQMMEJdfUocR_hvFcZMXtjo
University of Utah Metabolic Genetics,ChIJ_zj7MDJfUocR88xexl32n-8
University of Utah Med. Cntr. GYN Oncology,ChIJK7bAALCLUocRxsfHA4pvYvo
University of Utah Madsen Health Center,ChIJFYLSn-lfUocRy0BJ0ZYrGZA
University of Utah Imagining & Neuroscience,ChIJDVdUsNtfUocRKX9AL1Sh-KI
University of Utah Hospital Burn Trauma,ChIJeRv4g5BfUocRgn8pC_RAkm0
University of Utah Hospital,ChIJXQMMEJdfUocRo9JItrfIIlI
University of Utah Farmington Health Center,ChIJv2HLojr_UocRFemx7SnIDS4
University of Utah Diabetes and Endocrinology Center,ChIJ7xS0qcRfUocRO5I9j1tuSiw
University of Utah Dept of Neurology,ChIJbTmrCpdfUocRQMTj2VR6UFw
University of Utah Dept of Dermatology,ChIJ_fdAv5dfUocRVGHmqNoLLoI
University of Utah Blood & Marrow Transplant,ChIJXQMMEJdfUocR_hvFcZMXtjo
University of Utah - Transplant Office,ChIJXQMMEJdfUocR_hvFcZMXtjo
University of Utah - South Jordan Health Center,ChIJUcOeXm6FUocRom9X_5lNzfM
University of Utah - OBGYN,ChIJeRv4g5BfUocR_zKneLJAHuU
University of Texas SW Medical Ctr.,ChIJmeWIsAScToYRCxWy-DTqYy4
University of Texas - Houston,ChIJmaG-jlq-QIYR50eCyn44nww
University of NV School of Medicine,ChIJ_WwL2JLDyIARK2yX-iedQGE
University of NM-Eye Clinic,ChIJE2V8QkMLIocRojPTGyLLG04
University of NM Transplant Services,ChIJD5GF58sLIocRb05LXdt-F8k
University of NM Cancer Center,ChIJt1pXKFYLIocRuL_O2Yi7F_I
University of New Mexico Truman Health Services,ChIJs4Pj9SELIocRh2TVTVnhQiw
University of New Mexico Hospital,ChIJdYDs0c4MIocRmo0tuqOKzyE
University of Nevada School of Medicine Pediatrics,ChIJWZWr7jBHmYARr3aBulYJZto
University of Nevada School of Medicine,ChIJ_WwL2JLDyIARK2yX-iedQGE
University of Nevada Reno,ChIJH9FLh9dGmYARGNb-koliheM
University of Nebraska Medical Center,ChIJM_yth7iNk4cReAyidfEWc9I
University of Minnesota Transplant Center,ChIJp5qQZz0ts1IRJtk9Xk_-UN0
University of Minnesota Medical Center,ChIJO8cyHz0ts1IRpfzTrH4SF9o
University of Minnesota Amplate Children's Hospital,ChIJnxM5Kj0ts1IRwDBKUUAG7PI
University of Michigan Health Service,ChIJc08tlkGuPIgRZYvlmFLLHO4
University of Kansas Hospital,ChIJ7b8ZkC7uwIcRUK3BBRwG5bw
University of Iowa,ChIJ__-_SfJB5IcRYTLnsT_j0Us
University of Hawai ªi Maui College,
University of Colorado,ChIJwR6cajTsa4cR2TH0qKTVKAM
University of Chicago Hospital,ChIJSb3R6jspDogRuVDmSvtlq7g
University of California San Diego,ChIJT69MQcQG3IARpz6Rifyqtu8
University of Arizona Medical Center,ChIJqYievqZx1oYR6r3xjxYjf0g
University of Arizona Cancer Center - North Campus,ChIJXyLOSily1oYR2JKPbxgyuBY
University Medical Center of Southern Nevada,ChIJwZbBe-vDyIARVcEfOBaLm_4
University Medical Center,ChIJf2y7Ue-lIIYRr1YVQHliQjI
University Med. Ctr Solid Organ Transpla,ChIJK1Cqzf5dXIYRhVXg3uF7g_U
University Hospital of Colorado,ChIJDdDNZ7N8bIcRPAclTWgJig0
University Hospital Colorado ACP,ChIJDdDNZ7N8bIcRPAclTWgJig0
University Hospital Burn Clinic,ChIJeRv4g5BfUocRgn8pC_RAkm0
University Healthcare Centerville Health Center,ChIJBY7StGn4UocRQ7TAZyYaoWE
University Health System,ChIJVSW2JPldXIYR5YQfQaiWYC0
University Health Center-Burn Clinic,ChIJeRv4g5BfUocRgn8pC_RAkm0
Universal City Medical Group,ChIJL4mGjk--woARLkpsFdLkCLk
Univeristy of Wisconsin Health University Hospital,ChIJeae7SfKsB4gRqiyq2GJJuGs
Univeristy of Utah,ChIJG_NN6OpfUocRbgk63tD8lN0
United Indian Health Services,ChIJ44Qwl1NX0VQRLexskwLHFoU
United Home Care,ChIJK7x18_Sw2YgRzlc9gSSJWLg
United Healthcare Community Plan of New Mexico,ChIJO2sfOcp1IocRTdGZUf9Sga4
United Healthcare,ChIJwYf0RRFItokRME03UQrwB0k
United Health Group,ChIJeRibOvjmQIYRzhA-qJ8j06g
United Health Centers,ChIJp-4Jq0uCb4YRlbQ6RS9fGyo
United General,ChIJHaDLXkhthVQRlYv0az7yHAs
United Church of God,ChIJd4-Bykf6ZaAR8NzpamH3SR0
United Blood Services,ChIJ__rMLKXL-4YRzemBJQOnq-U
United Blood Service,ChIJnRrCjVULIocR9dQZrpI26oA
Union Square Medical Associates,ChIJO8LN4VpNwokR41DVFO19WYQ
Union Rescue Mission,ChIJbSz6wjbGwoARwiW_5sSk9w4
Union Gospel Mission - Seattle,ChIJd1Hs6LpqkFQRlroQFOpi6MM
Underwood Home,ChIJAQDQhb8NllQRMww6zXFeI_Q
Unbefuddled,ChIJ-deNoYFMrlQRDnIWStZalSE
Umpqua Medical Group,ChIJRTnbc6MixFQRo003HLI_H0A
Umpqua Community Health Center - Myrtle Creek,ChIJC3HbHzo0xFQRh62kB7h3ueU
UMC Rancho Rehab,ChIJzRTc_vs1w4ARNcCOq9mx_WI
UMC Primary Care,ChIJ_dLgUCHHyIARSxyOsA4aGBk
Ultimate Living Medical Center,ChIJ_____zBdlIARwrVZ3n6Dmg8
Ulrich Batzdorf MD,ChIJMYX43oa8woARIZFJSazhbYw
Ukiah Valley Primary Care,ChIJxyAdXIllgYARbhAickxh09I
Uinversity of Wa MC,ChIJEU9wSOwUkFQRxUjYrb-PTJE
Uinta County Veterans,ChIJb8lQGxt5UYcRauuf_S3zaH0
UGM Crisis Center for Women and Children,ChIJG_RuDJoYnlQRCqTUzmrl-Rg
UCSF Radiology Mount Zion,ChIJZ2CoKLaAhYART9xmEvqGyzY
UCSF Pediatric Cardiology Heart Transpla,ChIJLSWrfVeHhYARTl_JYlg2CqM
UCSF Nancy Friend Pritzker Psychiatry Building,ChIJseTkkU1_j4ARR1xKsa7xIMw
UCSF Helen Diller Family Comprehensive Cancer Center,ChIJmUP2ZMV_j4ARnGqDd10AUwk
UCSF Gynecologic Oncology Clinic,ChIJiUNbVRL3MhURErJY8XbdbYI
UCSF Dermatology Clinic at Mount Zion,ChIJSeiP5smAhYARqfdqxdNVugs
UCSF Dental Center,ChIJ531k2VmHhYARsyz6ye6k4nY
UCSF Cancer Center Colorectal Surgical Program UCSF Mission Bay Campus,ChIJ5S87A7aAhYARtD_-Pkv-Cbs
UCSF Benioff Children's Hospital Oakland,ChIJH6MLwQp-hYAREF-jlarFMzc
UCSF Benioff Children's Hospital - Oakland Outpatient,ChIJt02M0Ap-hYARjLc1BEj1J8w
UCSF Benioff Children's Hospital,ChIJH6MLwQp-hYAREF-jlarFMzc
UCSF Balance and Falls Center,ChIJJSKI58mAhYARqUSp_GaLX_s
UCSF Bakar Cancer Hospital,ChIJRdy5mMh_j4ARTwSbZVVzR0A
UCSD Medical Center,ChIJb9IXHdoG3IARYVL4U5OQ7y8
UCSD Jacobs Medical Center,ChIJb9IXHdoG3IARYVL4U5OQ7y8
UCSD Health Medical Offices South,ChIJLT3bVtZU2YARCt5RQcXMHD0
UCSD,ChIJT69MQcQG3IARpz6Rifyqtu8
UCLA Stein Eye Institute,ChIJ41dPTYa8woAR80eTwsVw8iw
UCLA Stein Eye Center Santa Monica,ChIJAQAQ30q7woARvggAqg-kvws
UCLA Santa Monica Pulmonary,ChIJ61a6xaOlwoARpU1EGiGqS2U
UCLA Santa Monica Parkside Family Medicin,ChIJg4SeFEi7woARGgsGXttR_Bk
UCLA Santa Monica Orthopaedic Surgery,ChIJG6fFUjW7woARrd6hMKzbico
UCLA Santa Monica Internal Medicine Consultants,ChIJAQDAGDa7woARY4ITSWPz7jk
UCLA Ronald Reagan Medical Center,ChIJZQ9c8IW8woARA7ZLKfVusSg
UCLA Michigan Operations Center,ChIJh5SHtTu7woARTr91JGGWkJk
UCLA Medical Center,ChIJZQ9c8IW8woARA7ZLKfVusSg
UCLA Health Westwood Rehabilitation Services,ChIJ07CXEYO8woARzS2CkSgiIKY
UCLA Health Torrance Specialty Care,ChIJZfxKLx5L3YARa1bw8CmXsBc
UCLA Health Thousand Oaks,ChIJ4Wt947U66IARpKq79h94F_c
UCLA Health North Hollywood Imaging and Interventional Center,ChIJP_cggZu_woARCTWwKZXH3Ko
UCLA Health Montecito Primary & Specialty Care,ChIJCzu6S0ET6YAR6cTisRvSQ-g
UCLA Health Downtown Los Angeles Cancer Care,ChIJK2bjPF_HwoAR7Z5t9gVMUAY
UCLA Health Burbank Cardiology,ChIJVVWVvsS_woARMzbn-Az8H3s
UCLA Health,ChIJocqGkiGcwoAR4Gc4OvvxyvQ
UCLA Doheny Eye Center Pasadena,ChIJq6paUXzDwoARyDpb7YDtZvw
UCLA Beverly Hills Cancer Care,ChIJVVWVuE-5woARQu4OCcuHrok
UCLA 300 Medical Plaza,ChIJJ3301p29woAR0D8qE0mFjGo
UCLA 100 Medical Plaza,ChIJUZf8jom9woARhrLucUkR8Hc
UCLA - Peninsula Pulmonary Med Center,ChIJqVmXhh5L3YAR-Q9ClV68KW4
UCLA,ChIJZQ9c8IW8woARN0gTXFiTqSU
UCI Medical Center,ChIJTdRdh4jX3IARmQnCUSgY_Hk
UCI Health Beckman Laser Institute & Medical Clinic,ChIJldq4wxbe3IARRqnI7eMd6CM
UCI Gottschalk Medical Plaza,ChIJ4exlSxTe3IAR6HrvLaVHS-Y
UCI,ChIJkb-SJQ7e3IAR7LfattDF-3k
UCHealth University of Colorado Hospital,ChIJDdDNZ7N8bIcRPAclTWgJig0
UCHealth Spine Center - Anschutz Medical Campus,ChIJGahWqk5jbIcRUHe-u2vlOMU
UCHealth Orthopedics Clinic,ChIJGahWqk5jbIcRjOYJ-uAYndc
UCHealth Neurosciences Center - Anschutz Medical Campus,ChIJGahWqk5jbIcR_Hjm6iOdZig
UCHealth Mountain Crest Behavioral Health Center - Fort Collins,ChIJ950Huk2zbocR7hExKw6xTQQ
UCHealth Memorial Hospital North,ChIJU6xBhwhME4cRVmNp5DKLyUM
UCHealth Lone Tree Medical Center,ChIJn7uyW6aFbIcRKKzaiRd3H0c
UCHealth Highlands Ranch Hospital,ChIJi4BWv5qBbIcRmRax9b6cmKc
UCHealth Heart and Vascular Center - Anschutz Medical Campus,ChIJreAyZrN8bIcRUJRGcdsuK54
UCHealth Digestive Health Center,ChIJua5drk5jbIcR3qumASN_O24
UCHealth Boulder Health Center,ChIJ-WYVJfHta4cRXjTPc8vHwB8
UCHealth Bone Marrow Transplant Clinic - Anschutz Medical Campus,ChIJ3Z8erE5jbIcRwEzXdoRAwD8
UCHealth Anschutz Outpatient Pavilion - Anschutz Medical Campus,ChIJQcuM5EtjbIcR2uhbQfja65M
UCHealth,ChIJDdDNZ7N8bIcRPAclTWgJig0
UCD Medical Center,ChIJA4rq2nzQmoARuoD93mLjgHs
UCD,ChIJP_qJdH_T6oARNIN-CCS7v-w
UCAN Visiting Nurses,ChIJlUEluYnND4gRYBkY0I7RKRg
UC San Diego Health,ChIJ1abLbC4H3IARLr6OELgH3_w
UC Health Anschutz Medical Center,ChIJQcuM5EtjbIcR2uhbQfja65M
UC Health,ChIJV9uyVw5aQIgR8jb4jSsitTA
UC Davis Spine Center,ChIJZeg3DqPQmoARJn-gEFKUvjk
UC Davis Medical Center,ChIJA4rq2nzQmoARuoD93mLjgHs
UC Davis Glassrock Building,ChIJxcdAF3vQmoAROuWYCdigAyc
UC Davis Cancer Center,ChIJSZRo7XvQmoARmY31xco-Wi0
UC Davis,ChIJP_qJdH_T6oARNIN-CCS7v-w
U.S. Senator Max Baucus,ChIJ1zqugivMXVMRyQLreLBrzBM
"U.S. Department of Veterans Affairs, Domiciliary Care Program",ChIJHZZidcaXyFYRTHchbxfD6GQ
U.S. Department of Veterans Affairs - Pacific Islands Health Care System,ChIJI0EzicNuAHwRmPB4D_smLS8
U.S Army Wounded Warrior Program (AW2),ChIJkV26UHLK5YgRUL1W2DK3J9I
U of U Health Redwood Health Center,ChIJW9O-tLT0UocRfOSLAJdejkU
Two Trees PT,ChIJ22_SA7yt6YARylBPhl04-Eo
Twin Falls Center,ChIJBc0-wR2irFQReNwnSgfjSD4
Tuscon Medical Center,ChIJVxUjvjhu1oYRw1I8g5MDV74
Turning Pointe Survivor Advocacy Center,ChIJY4XwB2J3kVQRIPhTGHCInIc
Turning Pointe,ChIJ6-J_Q57ht4kR07KPqcC35Fo
Turning Point,ChIJo0ChFhLPD4gRyVUIui5yObU
Turlock Nursing and Rehap Center,ChIJ1Ydox_cGkYARtdGmAbuDk-4
Turley Dental Care,ChIJiSwIJyV7SFMRqFsj6NI5z6M
Turley Dental,ChIJiSwIJyV7SFMRqFsj6NI5z6M
Tundra Women's Coalition,ChIJBxN7cCRVIFcRfZqAvL2aEW8
Tumori Foundation,ChIJRVbVCqiAhYARWf2hvp7RpNo
Tulare District Hospital,ChIJx2UVuLorlYARhfqcNvcfo8w
Tuba City Regional Health Care,ChIJFR5MAwvRM4cRj_3B0ehY1lw
